<?xml version="1.0" encoding="UTF-8" standalone="yes"?>
<boaPartiesList>
    <boaparties partyName="newParty">
        <properties/>
        <biddingStrategy>
            <item classpath="negotiator.boaframework.offeringstrategy.anac2012.IAMHaggler2012_Offering"/>
        </biddingStrategy>
        <acceptanceStrategy>
            <item classpath="negotiator.boaframework.acceptanceconditions.anac2010.AC_AgentK"/>
        </acceptanceStrategy>
        <opponentModel>
            <parameters name="n" value="20.0"/>
            <parameters name="n_opponent" value="20.0"/>
            <item classpath="C:\Users\monic\eclipse-workspace\GABidding\bin\upv\es\bidding\GAOpponentModel.class"/>
        </opponentModel>
        <omStrategy>
            <parameters name="t" value="1.1"/>
            <item classpath="negotiator.boaframework.omstrategy.BestBid"/>
        </omStrategy>
    </boaparties>
    <boaparties partyName="MONIK1">
        <properties/>
        <biddingStrategy>
            <item classpath="negotiator.boaframework.offeringstrategy.anac2010.AgentK_Offering"/>
        </biddingStrategy>
        <acceptanceStrategy>
            <item classpath="negotiator.boaframework.acceptanceconditions.anac2010.AC_AgentK"/>
        </acceptanceStrategy>
        <opponentModel>
            <parameters name="n_opponent" value="20.0"/>
            <parameters name="n" value="20.0"/>
            <item classpath="C:\Users\monic\eclipse-workspace\GABidding\bin\upv\es\bidding\GAOpponentModel.class"/>
        </opponentModel>
        <omStrategy>
            <item classpath="negotiator.boaframework.omstrategy.NTFTstrategy"/>
        </omStrategy>
    </boaparties>
    <boaparties partyName="MONIK_FREQ">
        <properties/>
        <biddingStrategy>
            <item classpath="negotiator.boaframework.offeringstrategy.anac2010.AgentK_Offering"/>
        </biddingStrategy>
        <acceptanceStrategy>
            <item classpath="negotiator.boaframework.acceptanceconditions.anac2010.AC_Yushu"/>
        </acceptanceStrategy>
        <opponentModel>
            <parameters name="n_opponent" value="20.0"/>
            <parameters name="n" value="20.0"/>
            <item classpath="C:\Users\monic\eclipse-workspace\GABidding\bin\upv\es\bidding\GAOpponentModel.class"/>
        </opponentModel>
        <omStrategy>
            <item classpath="negotiator.boaframework.omstrategy.NTFTstrategy"/>
        </omStrategy>
    </boaparties>
</boaPartiesList>
